<?xml version="1.0" encoding="UTF-8"?>
<project-private xmlns="http://www.netbeans.org/ns/project-private/1">
    <editor-bookmarks xmlns="http://www.netbeans.org/ns/editor-bookmarks/2" lastBookmarkId="0"/>
    <open-files xmlns="http://www.netbeans.org/ns/projectui-open-files/2">
        <group>
            <file>file:/C:/Users/ADMIN/Downloads/System-Folder-main/System-Folder-main/Brgy_Abella_System/src/brgy_abella_system/RegisterController.java</file>
            <file>file:/C:/Users/ADMIN/Downloads/System-Folder-main/System-Folder-main/Brgy_Abella_System/src/brgy_abella_system/MainSystem.java</file>
            <file>file:/C:/Users/ADMIN/Downloads/System-Folder-main/System-Folder-main/Brgy_Abella_System/src/brgy_abella_system/BlotterController.java</file>
            <file>file:/C:/Users/ADMIN/Downloads/System-Folder-main/System-Folder-main/Brgy_Abella_System/src/brgy_abella_system/Model.java</file>
            <file>file:/C:/Users/ADMIN/Downloads/System-Folder-main/System-Folder-main/Brgy_Abella_System/src/brgy_abella_system/LoginController.java</file>
        </group>
    </open-files>
</project-private>
